種別,住所,ポスター枚数
"佐藤まさし","神奈川県伊勢原市東大竹658",1
"佐藤まさし","神奈川県海老名市中野1-2",1
"佐藤まさし","神奈川県海老名市今里2-8",1
"佐藤まさし","神奈川県伊勢原市桜台2-6-27",1
"佐藤まさし","神奈川県海老名市東柏ヶ谷2-12-44",1
"佐藤まさし","神奈川県海老名市上今泉3-10-11",1
"佐藤まさし","神奈川県伊勢原市西富岡16-2",2
"佐藤まさし","神奈川県伊勢原市串橋196",1
"佐藤まさし","神奈川県伊勢原市坪ノ内790-2",1
"佐藤まさし","神奈川県伊勢原市東大竹1-21-3",2
"佐藤まさし","神奈川県海老名市国分南4-20-47",1
"佐藤まさし","神奈川県海老名市本郷2985-1",1
"佐藤まさし","神奈川県厚木市飯山南5-66-8",1
"佐藤まさし","神奈川県伊勢原市岡崎923",1
"佐藤まさし","神奈川県厚木市上荻野1921",1
"佐藤まさし","神奈川県厚木市みはる野2-36-11",1
"佐藤まさし","神奈川県厚木市鳶尾2-8-7",1
"佐藤まさし","神奈川県厚木市下津古久380",1
"佐藤まさし","神奈川県伊勢原市笠窪397",2
"佐藤まさし","神奈川県海老名市柏ケ谷１丁目１７−７１３−３",2
"佐藤まさし","神奈川県厚木市中荻野123",1
"佐藤まさし","神奈川県伊勢原市伊勢原3-11-10",2
"佐藤まさし","神奈川県伊勢原市大山662",1
"佐藤まさし","神奈川県伊勢原市沼目4-7-5",1
"佐藤まさし","神奈川県海老名市大谷北4-2-8",2
"佐藤まさし","神奈川県伊勢原市西富岡251",1
"佐藤まさし","神奈川県厚木市愛甲西3-89",2
"佐藤まさし","神奈川県厚木市宮の里1-4-7",2
"佐藤まさし","神奈川県厚木市関口83-19",1
"佐藤まさし","神奈川県海老名市中河内1395",2
"佐藤まさし","神奈川県厚木市宮の里1-12-26",1
"佐藤まさし","神奈川県厚木市七沢1331",1
"佐藤まさし","神奈川県伊勢原市笠窪395向い",1
"佐藤まさし","神奈川県厚木市水引2-1-13",2
"佐藤まさし","神奈川県海老名市上今泉2-11-5",1
"佐藤まさし","神奈川県海老名市杉久保北3-15",1
"佐藤まさし","神奈川県厚木市及川1187",2
"佐藤まさし","神奈川県海老名市下今泉1-2-16",1
"佐藤まさし","神奈川県厚木市まつかげ台25-1",1
"佐藤まさし","神奈川県厚木市王子2-11-7",1
"佐藤まさし","神奈川県厚木市まつかげ台57-6",1
"佐藤まさし","神奈川県海老名市国分寺台2-10-18",1
"佐藤まさし","神奈川県伊勢原市大山240",1
"佐藤まさし","神奈川県海老名市杉久保北2-13-27",1
"佐藤まさし","神奈川県伊勢原市東富岡959",2
"佐藤まさし","神奈川県厚木市小野490",3
"佐藤まさし","神奈川県伊勢原市坪ノ内655",1
"佐藤まさし","神奈川県伊勢原市下糟屋2341",1
"佐藤まさし","神奈川県厚木市上荻野1155-6",2
"佐藤まさし","神奈川県厚木市愛名107",2
"佐藤まさし","神奈川県厚木市上荻野3513-2",1
"佐藤まさし","神奈川県厚木市長谷６１４",2
"佐藤まさし","神奈川県海老名市下今泉3-3-60",1
"佐藤まさし","神奈川県海老名市大谷北1-10-13",1
"佐藤まさし","神奈川県海老名市本郷1765",1
"佐藤まさし","神奈川県厚木市飯山上飯山（バス）",1
"佐藤まさし","神奈川県厚木市七沢1923-1",2
"佐藤まさし","神奈川県厚木市飯山南1-17-3274",1
"佐藤まさし","神奈川県厚木市金田526-1",1
"佐藤まさし","神奈川県厚木市旭町1-37-10",1
"佐藤まさし","神奈川県厚木市三田南3-27",1
"佐藤まさし","神奈川県海老名市国分南1-10-5",1
"佐藤まさし","神奈川県伊勢原市東大竹627",2
"佐藤まさし","神奈川県海老名市東柏ヶ谷4-11-4",1
"佐藤まさし","神奈川県厚木市上荻野4279",1
"佐藤まさし","神奈川県海老名市上今泉3-9-45",1
"佐藤まさし","神奈川県厚木市愛甲２９５４",1
"佐藤まさし","神奈川県伊勢原市岡崎６６８２−１ ６６８２番地の1",1
"佐藤まさし","神奈川県伊勢原市白根264-2",1
"佐藤まさし","神奈川県海老名市杉久保南1-11-1",1
"佐藤まさし","神奈川県厚木市七沢７１０",1
"佐藤まさし","神奈川県伊勢原市板戸415",1
"佐藤まさし","神奈川県厚木市山際６３７−１",1
"佐藤まさし","神奈川県海老名市国分寺台5-9-14",1
"佐藤まさし","神奈川県伊勢原市小稲葉2452",1
"佐藤まさし","神奈川県厚木市岡田5-1-22",2
"佐藤まさし","神奈川県伊勢原市桜台1-15-1",1
"佐藤まさし","神奈川県伊勢原市伊勢原１丁目２１−２１",2
"佐藤まさし","神奈川県厚木市上荻野2711-1",2
"佐藤まさし","神奈川県伊勢原市白根317-3",1
"佐藤まさし","神奈川県海老名市国分寺台2-7-20",1
"佐藤まさし","神奈川県伊勢原市西富岡1028-1",3
"佐藤まさし","神奈川県厚木市山際689-3",1
"佐藤まさし","神奈川県伊勢原市沼目6-1513",4
"佐藤まさし","神奈川県伊勢原市桜台2-8-288-4",2
"佐藤まさし","神奈川県厚木市妻田西3-24-34",1
"佐藤まさし","神奈川県海老名市国分南2-46",1
"佐藤まさし","神奈川県海老名市上郷1-4-3",1
"佐藤まさし","神奈川県海老名市東柏ヶ谷6-14-3",1
"佐藤まさし","神奈川県伊勢原市東富岡574",1
"佐藤まさし","神奈川県厚木市棚沢472",2
"佐藤まさし","神奈川県厚木市元町10-1",1
"佐藤まさし","神奈川県海老名市社家127-1",1
"佐藤まさし","神奈川県海老名市大谷南2-6",1
"佐藤まさし","神奈川県海老名市門沢橋3-5-5",1
"佐藤まさし","神奈川県厚木市飯山3457",1
"佐藤まさし","神奈川県海老名市東柏ヶ谷2-1-3",1
"佐藤まさし","神奈川県伊勢原市白根319-4",1
"佐藤まさし","神奈川県海老名市上今泉1-4-6",1
"佐藤まさし","神奈川県厚木市関口893-13",1
"佐藤まさし","神奈川県海老名市門沢橋1-4-10",1
"佐藤まさし","神奈川県厚木市七沢811向",1
"佐藤まさし","神奈川県厚木市鳶尾4-24-12",1
"佐藤まさし","神奈川県海老名市河原口958",1
"佐藤まさし","神奈川県厚木市飯山４９３１",1
"佐藤まさし","神奈川県海老名市東柏ケ谷２丁目４−１４",1
"佐藤まさし","神奈川県厚木市金田476",2
"佐藤まさし","神奈川県厚木市温水1167-5",2
"佐藤まさし","神奈川県厚木市栄町2-5-38",1
"佐藤まさし","神奈川県海老名市河原口2-3-19",1
"佐藤まさし","",1
"佐藤まさし","神奈川県伊勢原市坪ノ内621",2
"佐藤まさし","神奈川県伊勢原市日向797",1
"佐藤まさし","神奈川県伊勢原市伊勢原1-3-18",1
"佐藤まさし","神奈川県伊勢原市高森1325",1
"佐藤まさし","神奈川県海老名市社家3957",1
"佐藤まさし","神奈川県海老名市国分寺台4-9-10",1
"佐藤まさし","神奈川県海老名市中野1-35-11",1
"佐藤まさし","神奈川県海老名市上郷415",1
"佐藤まさし","神奈川県海老名市東柏ヶ谷6-17-29",1
"佐藤まさし","神奈川県厚木市下荻野1562",1
"佐藤まさし","スポーツセンター入口（バス）",2
"佐藤まさし","神奈川県厚木市宮の里1-3-6",1
"佐藤まさし","神奈川県伊勢原市伊勢原1-28",1
"佐藤まさし","神奈川県厚木市岡津古久931-1",2
"佐藤まさし","神奈川県海老名市東柏ヶ谷1-27-22",1
"佐藤まさし","神奈川県伊勢原市小稲葉2133",1
"佐藤まさし","神奈川県海老名市国分北2-7-7",2
"佐藤まさし","神奈川県厚木市金田995",1
"佐藤まさし","神奈川県海老名市上今泉2-10-47",1
"佐藤まさし","神奈川県厚木市愛甲東1-5-1",1
"佐藤まさし","神奈川県海老名市東柏ヶ谷1-14-30",1
"佐藤まさし","神奈川県海老名市杉久保南1-24-1",1
"佐藤まさし","神奈川県海老名市門沢橋2-19-20",1
"佐藤まさし","神奈川県伊勢原市東富岡７３−１",2
"佐藤まさし","神奈川県海老名市杉久保南4-6-3",1
"佐藤まさし","神奈川県海老名市杉久保北4-1-22",1
"佐藤まさし","神奈川県海老名市柏ヶ谷1064",1
"佐藤まさし","神奈川県伊勢原市東大竹679-4",1
"佐藤まさし","神奈川県厚木市長谷６８１",1
"佐藤まさし","神奈川県伊勢原市岡崎６９０４",1
"佐藤まさし","神奈川県伊勢原市小稲葉2476",1
"佐藤まさし","神奈川県厚木市戸室4-1-53",1
"佐藤まさし","神奈川県厚木市関口1137-1",1
"佐藤まさし","神奈川県伊勢原市東大竹６０３−１５",1
"佐藤まさし","神奈川県厚木市下荻野1413",1
"佐藤まさし","神奈川県海老名市東柏ヶ谷3-1-15",1
"佐藤まさし","神奈川県海老名市国分南4-20-28",1
"佐藤まさし","神奈川県伊勢原市下糟屋84",2
"佐藤まさし","神奈川県海老名市上郷1-23-46",2
"佐藤まさし","神奈川県伊勢原市伊勢原1-4-2",2
"佐藤まさし","神奈川県厚木市及川521",2
"佐藤まさし","神奈川県厚木市小野2122",1
"佐藤まさし","神奈川県厚木市山際558-2",1
"佐藤まさし","神奈川県厚木市及川473",1
"佐藤まさし","神奈川県海老名市柏ヶ谷1073-27",1
"佐藤まさし","神奈川県厚木市長谷1542-1",1
"佐藤まさし","神奈川県厚木市温水西２丁目１０−１０",1
"佐藤まさし","神奈川県海老名市中野1-30-1",1
"佐藤まさし","神奈川県海老名市東柏ヶ谷1-15-9",1
"佐藤まさし","神奈川県厚木市中町4-8-17",1
"佐藤まさし","神奈川県伊勢原市笠窪482",2
"佐藤まさし","神奈川県伊勢原市日向371",1
"佐藤まさし","神奈川県厚木市下荻野513-2",1
"佐藤まさし","神奈川県海老名市中新田1-8-1",1
"佐藤まさし","神奈川県厚木市七沢1731",2
"佐藤まさし","神奈川県厚木市愛甲4-5",3
"佐藤まさし","神奈川県伊勢原市石田912",2
"佐藤まさし","神奈川県厚木市飯山飯山観音前（バス）",1
"佐藤まさし","神奈川県厚木市小野95",1
"佐藤まさし","神奈川県厚木市温水1968-1",1
"佐藤まさし","神奈川県伊勢原市池端344",2
"佐藤まさし","神奈川県厚木市及川１０９３−１",1
"佐藤まさし","神奈川県海老名市国分寺台5-4-16",1
"佐藤まさし","神奈川県海老名市上今泉2-12-75",1
"佐藤まさし","神奈川県海老名市河原口1-7-10",1
"佐藤まさし","神奈川県伊勢原市大住台１丁目１３−１",2
"佐藤まさし","神奈川県伊勢原市高森7-10-1",2
"佐藤まさし","神奈川県伊勢原市桜台3-10",1
"佐藤まさし","神奈川県厚木市上荻野1985",2
"佐藤まさし","神奈川県海老名市門沢橋1-2-13",1
"佐藤まさし","神奈川県伊勢原市下落合604",1
"佐藤まさし","神奈川県海老名市大谷南3-28-1",1
"佐藤まさし","神奈川県厚木市上荻野1954-4",1
"佐藤まさし","神奈川県厚木市下依知2-15-18",1
"佐藤まさし","神奈川県海老名市大谷北3-12-6",1
"佐藤まさし","神奈川県厚木市七沢１２６４",1
"佐藤まさし","神奈川県海老名市柏ヶ谷640-2",2
"佐藤まさし","神奈川県伊勢原市上粕屋1095-1",1
"佐藤まさし","神奈川県海老名市中野3-28-15",1
"佐藤まさし","神奈川県伊勢原市伊勢原4-10-27",1
"佐藤まさし","神奈川県厚木市飯山８５７",2
"佐藤まさし","神奈川県厚木市愛名422",1
"佐藤まさし","地",2
"佐藤まさし","神奈川県海老名市東柏ヶ谷1-2-2",1
"佐藤まさし","神奈川県海老名市杉久保南4-5-19",1
"佐藤まさし","神奈川県伊勢原市板戸457-1",2
"佐藤まさし","神奈川県厚木市上落合463-3",2
"佐藤まさし","神奈川県伊勢原市上粕屋821",4
"佐藤まさし","神奈川県海老名市国分北4-2-18",1
"佐藤まさし","神奈川県伊勢原市下糟屋3028-18",3
"佐藤まさし","神奈川県伊勢原市白根314",1
"佐藤まさし","神奈川県海老名市社家3677",1
"佐藤まさし","神奈川県伊勢原市石田291-2",1
"佐藤まさし","神奈川県海老名市大谷南2-9-29",1
"佐藤まさし","神奈川県海老名市東柏ケ谷１丁目２−３４",1
"佐藤まさし","神奈川県厚木市船子1235",2
"佐藤まさし","神奈川県厚木市長沼359",1
"佐藤まさし","神奈川県海老名市今里3-20-1229",1
"佐藤まさし","神奈川県伊勢原市東大竹279-1",2
"佐藤まさし","神奈川県厚木市妻田東3-19-9",1
"佐藤まさし","神奈川県伊勢原市伊勢原1-30-12",1
"佐藤まさし","神奈川県伊勢原市板戸106",1
"佐藤まさし","神奈川県海老名市上今泉6-39-25",1
"佐藤まさし","神奈川県海老名市大谷南1-4-3",1
"佐藤まさし","神奈川県厚木市飯山2336-3",1
"佐藤まさし","神奈川県厚木市毛利台3-20-15",2
"佐藤まさし","神奈川県海老名市大谷北3-13",2
"佐藤まさし","神奈川県厚木市山際669-1",1
"佐藤まさし","神奈川県厚木市七沢1267",1
"佐藤まさし","神奈川県伊勢原市上粕屋８６２",1
"佐藤まさし","神奈川県海老名市中新田1-1-30",1
"佐藤まさし","神奈川県厚木市中荻野647-1",1
"佐藤まさし","神奈川県伊勢原市上粕屋558",1
"佐藤まさし","神奈川県厚木市戸田1772",1
"佐藤まさし","Mkビル",1
"佐藤まさし","神奈川県伊勢原市高森2-4-21",1
"佐藤まさし","神奈川県伊勢原市上粕屋1561-2",1
"佐藤まさし","神奈川県海老名市本郷3093",1
"佐藤まさし","神奈川県伊勢原市伊勢原1-21-18",1
"佐藤まさし","神奈川県海老名市大谷南3-1-27",1
"佐藤まさし","神奈川県伊勢原市池端246",1
"佐藤まさし","神奈川県伊勢原市伊勢原2-13-11",2
"佐藤まさし","神奈川県伊勢原市池端284-8",1
"佐藤まさし","神奈川県海老名市国分寺台1-5-13",1
"佐藤まさし","神奈川県海老名市柏ヶ谷750",1
"佐藤まさし","神奈川県厚木市飯山４７４５−１",1
"佐藤まさし","神奈川県伊勢原市伊勢原1-3-22",1
"佐藤まさし","神奈川県海老名市上郷1-16-17",1
"佐藤まさし","神奈川県海老名市国分南2-46",1
"佐藤まさし","神奈川県海老名市東柏ヶ谷1-6-16",1
"佐藤まさし","神奈川県伊勢原市東大竹945",1
"佐藤まさし","神奈川県海老名市社家3759",1
"佐藤まさし","神奈川県海老名市本郷348",2
"佐藤まさし","神奈川県海老名市東柏ヶ谷6-2-1",1
"佐藤まさし","神奈川県厚木市飯山4720",1
"佐藤まさし","神奈川県厚木市下依知3-1-18",1
"佐藤まさし","神奈川県海老名市門沢橋2-4-7",1
"佐藤まさし","神奈川県海老名市中新田493",1
"佐藤まさし","神奈川県海老名市社家115",1
"佐藤まさし","神奈川県海老名市国分寺台1-12-8",1
"佐藤まさし","神奈川県海老名市国分北1-39-28",1
"佐藤まさし","神奈川県海老名市国分南2-9-35",1
"佐藤まさし","神奈川県厚木市森の里4-31-5",2
"佐藤まさし","神奈川県厚木市戸室2-2-27",3
"佐藤まさし","神奈川県伊勢原市串橋237",1
"佐藤まさし","神奈川県伊勢原市神戸513-4",1
"佐藤まさし","神奈川県海老名市東柏ヶ谷1‐28‐30",1
"佐藤まさし","神奈川県海老名市杉久保南1-6-1",1
"佐藤まさし","神奈川県海老名市杉久保北3-5-5",2
"佐藤まさし","神奈川県伊勢原市歌川2-3-1",1
"佐藤まさし","神奈川県厚木市七沢1291-2向",2
"佐藤まさし","神奈川県厚木市温水１９８",2
"佐藤まさし","神奈川県海老名市国分北4-8-24",1
"佐藤まさし","神奈川県厚木市七沢1359-1",2
"佐藤まさし","神奈川県海老名市大谷南2-18-8",1
"佐藤まさし","神奈川県伊勢原市下落合623-18",2
"佐藤まさし","神奈川県海老名市国分南1-20-15",1
"佐藤まさし","神奈川県伊勢原市岡崎６５９８−１１",1
"佐藤まさし","神奈川県海老名市国分北４丁目１３−１３",1
"佐藤まさし","神奈川県海老名市本郷489",1
"佐藤まさし","神奈川県海老名市東柏ヶ谷6-7",1
"佐藤まさし","神奈川県厚木市宮の里1-11-8",1
"佐藤まさし","神奈川県伊勢原市伊勢原4-16",3
"佐藤まさし","神奈川県海老名市大谷南2-24-54",2
"佐藤まさし","神奈川県海老名市中野3-17",1
"佐藤まさし","神奈川県厚木市長谷１０９３",3
"佐藤まさし","神奈川県海老名市中野2-22-1",1
"佐藤まさし","神奈川県海老名市東柏ヶ谷1-17-8",1
"佐藤まさし","神奈川県厚木市鳶尾4-22-4",3
"佐藤まさし","神奈川県海老名市国分南2-49-37",1
"佐藤まさし","カナテレ",1
"佐藤まさし","神奈川県伊勢原市西富岡1356",1
"佐藤まさし","神奈川県伊勢原市上粕屋915",1
"佐藤まさし","神奈川県厚木市毛利台3-14-10",1
"佐藤まさし","神奈川県海老名市中新田1-18-31",2
"佐藤まさし","神奈川県厚木市田村町5-35",2
"佐藤まさし","神奈川県海老名市中新田3-8",1
"佐藤まさし","神奈川県海老名市上郷273",2
"佐藤まさし","神奈川県厚木市飯山4019",1
"佐藤まさし","神奈川県伊勢原市板戸406",2
"佐藤まさし","神奈川県伊勢原市粟窪37-3",1
"佐藤まさし","神奈川県厚木市まつかげ台11-11",1
"佐藤まさし","神奈川県海老名市上今泉6-25-7",1
"佐藤まさし","神奈川県伊勢原市上粕屋1476",1
"佐藤まさし","神奈川県海老名市今里3-25-1",1
"佐藤まさし","神奈川県厚木市飯山434",2
"佐藤まさし","神奈川県伊勢原市田中1213",1
"佐藤まさし","神奈川県厚木市松枝2-4-6",1
"佐藤まさし","神奈川県厚木市長谷443",3
"佐藤まさし","神奈川県伊勢原市石田1492-2",2
"佐藤まさし","神奈川県海老名市門沢橋4-17-43",1
"佐藤まさし","神奈川県厚木市飯山４９２５",1
"佐藤まさし","神奈川県厚木市温水１６６８−２",1
"佐藤まさし","神奈川県厚木市下荻野428",1
"佐藤まさし","神奈川県海老名市国分北4-3-22",1
"佐藤まさし","神奈川県厚木市及川1092",2
"佐藤まさし","神奈川県伊勢原市東富岡575",4
"佐藤まさし","神奈川県海老名市社家745",1
"佐藤まさし","神奈川県厚木市戸田2249",2
"佐藤まさし","神奈川県厚木市愛甲東3-12-1",1
"佐藤まさし","神奈川県厚木市七沢758",2
"佐藤まさし","神奈川県厚木市温水2291",2
"佐藤まさし","神奈川県厚木市旭町3-20-17",1
"佐藤まさし","神奈川県海老名市柏ヶ谷865",1
"佐藤まさし","神奈川県厚木市愛甲東1-13-10",1
"佐藤まさし","神奈川県厚木市飯山南3-20-2490-3",2
"佐藤まさし","神奈川県伊勢原市歌川2-3-9",2
"佐藤まさし","神奈川県伊勢原市田中1044",1
"佐藤まさし","神奈川県海老名市柏ヶ谷160",1
"佐藤まさし","神奈川県海老名市杉久保北4-34",1
"佐藤まさし","神奈川県海老名市柏ヶ谷710-1",2
"佐藤まさし","神奈川県海老名市杉久保南4-26",1
"佐藤まさし","神奈川県海老名市東柏ヶ谷4-22-3",1
"佐藤まさし","神奈川県海老名市中新田448",2
"佐藤まさし","神奈川県海老名市国分寺台4-11-19",1
"佐藤まさし","神奈川県海老名市上郷1-13-30",1
"佐藤まさし","神奈川県伊勢原市桜台3-10-31",1
"佐藤まさし","神奈川県厚木市上荻野2323",1
"佐藤まさし","神奈川県厚木市飯山601-2",1
"佐藤まさし","神奈川県伊勢原市下落合59",1
"佐藤まさし","神奈川県海老名市上今泉2-2-16",1
"佐藤まさし","神奈川県伊勢原市坪ノ内629-1",2
"佐藤まさし","神奈川県海老名市国分南1-12-35",1
"佐藤まさし","神奈川県海老名市今里1-6-36",1
"佐藤まさし","神奈川県伊勢原市上粕屋1519-11",1
"佐藤まさし","神奈川県厚木市飯山南1-13-36",1
"佐藤まさし","神奈川県厚木市小野110",2
"佐藤まさし","神奈川県伊勢原市日向260",1
"佐藤まさし","神奈川県厚木市飯山飯山観音前（バス）",1
"佐藤まさし","神奈川県伊勢原市高森7-837-1",2
"佐藤まさし","安藤ビル",4
"佐藤まさし","神奈川県海老名市中野3-32",1
"佐藤まさし","神奈川県厚木市長谷1674",1
"佐藤まさし","神奈川県伊勢原市上粕屋865",2
"佐藤まさし","神奈川県海老名市国分北1-3-19",2
"佐藤まさし","神奈川県厚木市上荻野８３３",1
"佐藤まさし","神奈川県厚木市飯山612",1
"佐藤まさし","神奈川県海老名市国分北１丁目３−１７",1
"佐藤まさし","神奈川県海老名市東柏ヶ谷4-8-12",1
"佐藤まさし","神奈川県厚木市飯山3606",1
"佐藤まさし","神奈川県厚木市三田南3-28-30",1
"佐藤まさし","神奈川県伊勢原市伊勢原4-14-27",1
"佐藤まさし","神奈川県海老名市東柏ヶ谷6-15-21",1
"佐藤まさし","神奈川県厚木市関口87-4",1
"佐藤まさし","神奈川県海老名市下今泉5-2-69",2
"佐藤まさし","神奈川県伊勢原市粟窪39",1
"佐藤まさし","神奈川県伊勢原市桜台1-2-21",1
"佐藤まさし","神奈川県厚木市上荻野1311-3",2
"佐藤まさし","神奈川県伊勢原市板戸143-7",1
"佐藤まさし","神奈川県厚木市水引2-1-15",1
"佐藤まさし","神奈川県海老名市国分寺台5-1-23",1
"佐藤まさし","神奈川県伊勢原市日向444",2
"佐藤まさし","神奈川県厚木市飯山3610-3",1
"佐藤まさし","神奈川県厚木市飯山南4-6-2357-1",3
"佐藤まさし","神奈川県厚木市七沢８１１",1
"佐藤まさし","神奈川県海老名市国分北3-38-16",1
"佐藤まさし","神奈川県海老名市今里3-26-14",1
"佐藤まさし","神奈川県海老名市上郷3-1-11",2
"佐藤まさし","神奈川県厚木市三田3352-2",1
"佐藤まさし","神奈川県海老名市望地1-1",1
"佐藤まさし","神奈川県海老名市上今泉6-38-9",1
"佐藤まさし","神奈川県厚木市小野2209-1",2
"佐藤まさし","神奈川県海老名市社家２丁目２−１０",1
"佐藤まさし","神奈川県伊勢原市上粕屋266-3",1
"佐藤まさし","神奈川県厚木市七沢1351",1
"佐藤まさし","神奈川県海老名市国分南2-48",1
"佐藤まさし","神奈川県伊勢原市白根123-10",1
"佐藤まさし","神奈川県厚木市飯山518",2
"佐藤まさし","神奈川県厚木市飯山４４９６",1
"佐藤まさし","神奈川県伊勢原市坪ノ内403",1
"佐藤まさし","神奈川県海老名市門沢橋4-6-1",1
"佐藤まさし","神奈川県海老名市上今泉6-49",2
"佐藤まさし","神奈川県伊勢原市坪ノ内280-5",1
"佐藤まさし","神奈川県厚木市林5-24-30",1
"佐藤まさし","神奈川県厚木市栄町2-10",2
"佐藤まさし","神奈川県厚木市旭町1-24",1
"佐藤まさし","神奈川県厚木市温水西2-29-26",1
"佐藤まさし","神奈川県海老名市浜田町25-31",1
"佐藤まさし","神奈川県厚木市温水１０５９",2
"佐藤まさし","神奈川県海老名市杉久保北4-33",3
"佐藤まさし","神奈川県伊勢原市上粕屋821",1
"佐藤まさし","神奈川県伊勢原市白根451-3",1
"佐藤まさし","神奈川県厚木市中荻野1727",1
"佐藤まさし","神奈川県海老名市門沢橋4-12-20",1
"佐藤まさし","神奈川県伊勢原市坪ノ内348",1
"佐藤まさし","神奈川県海老名市国分南3-2-3",1
"佐藤まさし","神奈川県厚木市下古沢８００−２",2
"佐藤まさし","神奈川県伊勢原市上粕屋1139",1
"佐藤まさし","神奈川県厚木市猿ヶ島396",1
"佐藤まさし","神奈川県厚木市下荻野1183",2
"佐藤まさし","神奈川県海老名市本郷４１０８",1
"佐藤まさし","神奈川県海老名市柏ケ谷２丁目２１−６",1
"佐藤まさし","神奈川県伊勢原市桜台1-31-540-1",1
"佐藤まさし","神奈川県海老名市杉久保南3-16-32",1
"佐藤まさし","神奈川県海老名市東柏ヶ谷3-12-2",1
"佐藤まさし","神奈川県厚木市まつかげ台32-9",1
"佐藤まさし","神奈川県海老名市上今泉4-25-3",1
"佐藤まさし","神奈川県伊勢原市石田602-1",1
"佐藤まさし","神奈川県厚木市下荻野852-8",1
"佐藤まさし","神奈川県海老名市上今泉6-28",1
"佐藤まさし","神奈川県海老名市上河内３９０",1
"佐藤まさし","神奈川県海老名市上今泉6-35-1",1
"佐藤まさし","神奈川県海老名市本郷3229",1
"佐藤まさし","神奈川県伊勢原市池端252",2
"佐藤まさし","神奈川県厚木市妻田北2-15-19",1
"佐藤まさし","神奈川県海老名市下今泉3-3-47",1
"佐藤まさし","神奈川県海老名市河原口1-8-14",1
"佐藤まさし","神奈川県伊勢原市伊勢原1-16-8",2
"佐藤まさし","神奈川県海老名市下今泉4-2-30",1
"佐藤まさし","神奈川県厚木市恩名3-7-14",1
"佐藤まさし","神奈川県海老名市中新田3-3-2",1
"佐藤まさし","神奈川県厚木市温水２２２",1
"佐藤まさし","神奈川県海老名市大谷南４丁目２２−１",2
"佐藤まさし","神奈川県海老名市上今泉２丁目２−２５",1
"佐藤まさし","神奈川県伊勢原市西富岡9",2
"佐藤まさし","神奈川県厚木市上依知261-1",2
"佐藤まさし","神奈川県厚木市七沢１９１７",2
"佐藤まさし","神奈川県海老名市今里1-14-33",2
"佐藤まさし","神奈川県海老名市本郷2846",1
"佐藤まさし","神奈川県厚木市愛甲1-2-7",2
"佐藤まさし","神奈川県海老名市中野1-17-1",1
"佐藤まさし","神奈川県伊勢原市下落合547",1
"佐藤まさし","神奈川県厚木市まつかげ台16-11",1
"佐藤まさし","神奈川県海老名市上今泉6-49",1
"佐藤まさし","神奈川県海老名市杉久保南4-33-23",1
"佐藤まさし","神奈川県伊勢原市池端344",2
"佐藤まさし","神奈川県厚木市下古沢14",1
"佐藤まさし","神奈川県海老名市東柏ヶ谷6-18-26",1
"佐藤まさし","神奈川県厚木市森の里4-41-9",1
"佐藤まさし","神奈川県伊勢原市小稲葉263",2
"佐藤まさし","グレースシティーＡ",1
"佐藤まさし","神奈川県厚木市酒井1004",2
"佐藤まさし","神奈川県厚木市七沢1174-1",2
"佐藤まさし","神奈川県海老名市河原口3-15-8",1
"佐藤まさし","神奈川県伊勢原市白根116-5",2
"佐藤まさし","神奈川県厚木市飯山南5-66-3",1
"佐藤まさし","神奈川県厚木市上依知2565-4",1
"佐藤まさし","神奈川県厚木市みはる野1-10-9",1
"佐藤まさし","神奈川県海老名市河原口1-1-22",1
"佐藤まさし","神奈川県厚木市船子607-84",1
"佐藤まさし","神奈川県厚木市温水1848",2
"佐藤まさし","神奈川県海老名市下今泉5-3-17",1
"佐藤まさし","神奈川県伊勢原市伊勢原4-16-13",1
"佐藤まさし","神奈川県伊勢原市西富岡3",2
"佐藤まさし","神奈川県厚木市船子1573-10",1
"佐藤まさし","神奈川県海老名市社家922",1
"佐藤まさし","神奈川県伊勢原市岡崎1007",1
"佐藤まさし","神奈川県海老名市中野3-5",2
"佐藤まさし","神奈川県伊勢原市板戸476-3",1
"佐藤まさし","神奈川県厚木市温水１１６２−１",2
"佐藤まさし","神奈川県伊勢原市池端478",1
"佐藤まさし","神奈川県海老名市大谷南2-7-25",1
"佐藤まさし","神奈川県伊勢原市東大竹1370-3",1
"佐藤まさし","神奈川県海老名市国分南4-11-17",1
"佐藤まさし","神奈川県海老名市国分南2-25-14",1
"佐藤まさし","神奈川県厚木市及川547",2
"佐藤まさし","神奈川県厚木市上荻野5962",3
"佐藤まさし","神奈川県海老名市河原口371",1
"佐藤まさし","神奈川県厚木市温水７１３−４",1
"佐藤まさし","神奈川県厚木市長谷1402",1
"佐藤まさし","神奈川県厚木市愛甲3-1",2
"佐藤まさし","神奈川県伊勢原市日向301",1
"佐藤まさし","神奈川県海老名市国分南4-12",1
"佐藤まさし","神奈川県伊勢原市下落合600",1
"佐藤まさし","神奈川県伊勢原市白根269-26",1
"佐藤まさし","神奈川県厚木市山際637",1
"佐藤まさし","神奈川県海老名市柏ヶ谷398-10",1
"佐藤まさし","神奈川県厚木市長谷1484",1
"佐藤まさし","神奈川県海老名市下今泉5-5-1",1
"佐藤まさし","神奈川県厚木市飯山4875",2
"佐藤まさし","神奈川県厚木市愛甲西2-6-20",1
"佐藤まさし","神奈川県海老名市国分南1-13-48",1
"佐藤まさし","神奈川県海老名市門沢橋6-3-38",1
"佐藤まさし","ベル・コリーヌ",1
"佐藤まさし","神奈川県伊勢原市小稲葉204",2
"佐藤まさし","神奈川県厚木市酒井1001-1",1
"佐藤まさし","神奈川県厚木市温水西2-27-7",2
"佐藤まさし","神奈川県海老名市国分南2-8-19",2
"佐藤まさし","神奈川県厚木市下荻野937-3",1
"佐藤まさし","神奈川県厚木市中荻野１７２７−２",1
"佐藤まさし","神奈川県海老名市杉久保南3-20-1",1
"佐藤まさし","神奈川県厚木市下荻野1350",1
"佐藤まさし","神奈川県伊勢原市三ノ宮1756-1",1
"佐藤まさし","神奈川県海老名市大谷南1-2-11",1
"佐藤まさし","神奈川県厚木市七沢2178",2
"佐藤まさし","神奈川県海老名市河原口2-15-25",1
"佐藤まさし","神奈川県海老名市門沢橋6-17-45",2
"佐藤まさし","神奈川県厚木市三田1-742",1
"佐藤まさし","神奈川県厚木市岡田4-19-25",2
"佐藤まさし","神奈川県伊勢原市三ノ宮947",1
"佐藤まさし","神奈川県厚木市長谷７７３−１",1
"佐藤まさし","神奈川県海老名市門沢橋1-6-25",1
"佐藤まさし","神奈川県海老名市社家410",1
"佐藤まさし","神奈川県伊勢原市大山574",1
"佐藤まさし","神奈川県厚木市宮の里1-8-20",3
"佐藤まさし","神奈川県厚木市山際678-3",1
"佐藤まさし","神奈川県海老名市本郷3445",2
"佐藤まさし","神奈川県海老名市東柏ヶ谷1-28-18",1
"佐藤まさし","神奈川県伊勢原市高森1488",3
"佐藤まさし","神奈川県海老名市大谷南4-11-55",1
"佐藤まさし","神奈川県海老名市浜田町6-8",1
"佐藤まさし","神奈川県海老名市浜田町14-13",1
"佐藤まさし","神奈川県海老名市上郷742",2
"佐藤まさし","神奈川県伊勢原市東大竹1-3-18",2
"佐藤まさし","神奈川県海老名市国分南1-27-9",2
"佐藤まさし","神奈川県海老名市国分寺台2-3-12",1
"佐藤まさし","神奈川県伊勢原市伊勢原1-8-19",1
"佐藤まさし","神奈川県厚木市戸田２２９３",1
"佐藤まさし","神奈川県海老名市大谷南3-22-25",1
"佐藤まさし","神奈川県海老名市望地2-2-18",2
"佐藤まさし","神奈川県厚木市南町1-1",1
"佐藤まさし","神奈川県伊勢原市田中532",1
"佐藤まさし","神奈川県海老名市河原口832",1
"佐藤まさし","神奈川県海老名市大谷北2-10-38",1
"佐藤まさし","神奈川県海老名市上郷1-20-32",1
"佐藤まさし","神奈川県厚木市妻田北3-3-21",1
"佐藤まさし","神奈川県厚木市愛名1306",2
"佐藤まさし","神奈川県厚木市中町4-16-16",1
"佐藤まさし","神奈川県海老名市柏ヶ谷629",1
"佐藤まさし","神奈川県海老名市門沢橋4-8-19",1
"佐藤まさし","神奈川県厚木市旭町1-20-5",1
"佐藤まさし","神奈川県海老名市柏ヶ谷132-1",2
"佐藤まさし","神奈川県海老名市大谷北3-3-31",1
"佐藤まさし","神奈川県海老名市中央1-15-1",1
"佐藤まさし","神奈川県厚木市温水2299-1",2
"佐藤まさし","神奈川県伊勢原市大住台3-3-1",2
"佐藤まさし","神奈川県海老名市国分寺台4-4-17",1
"佐藤まさし","神奈川県海老名市東柏ヶ谷1-22-26",1
"佐藤まさし","神奈川県海老名市柏ヶ谷532",2
"佐藤まさし","神奈川県海老名市中河内1711",1
"佐藤まさし","神奈川県海老名市大谷南1-6-8",1
"佐藤まさし","神奈川県厚木市中荻野826",2
"佐藤まさし","神奈川県厚木市三田3-4-577",1
"佐藤まさし","神奈川県海老名市下今泉3-4-46",1
"佐藤まさし","神奈川県海老名市本郷5134",1
"佐藤まさし","神奈川県伊勢原市上粕屋５７６−４",1
"佐藤まさし","神奈川県厚木市下川入537",1
"佐藤まさし","神奈川県伊勢原市西富岡509",2
"佐藤まさし","神奈川県海老名市東柏ヶ谷2-26-4",1
"佐藤まさし","神奈川県厚木市小野604",1
"佐藤まさし","神奈川県厚木市三田南3-31",3
"佐藤まさし","神奈川県厚木市長谷825-6",2
"佐藤まさし","神奈川県海老名市本郷4031",1
"佐藤まさし","神奈川県海老名市河原口3-5-6",1
"佐藤まさし","神奈川県海老名市本郷5393",1
"佐藤まさし","神奈川県伊勢原市沼目４丁目３６−６",3
"佐藤まさし","神奈川県伊勢原市東大竹272",3
"佐藤まさし","神奈川県厚木市飯山南1-26-19",2
"佐藤まさし","神奈川県厚木市上依知61-1",2
"佐藤まさし","神奈川県海老名市社家707",2
"佐藤まさし","神奈川県海老名市柏ケ谷２丁目２１−１１５０−１",1
"佐藤まさし","神奈川県伊勢原市東富岡794-5",1
"佐藤まさし","神奈川県伊勢原市三ノ宮1318",1
"佐藤まさし","神奈川県海老名市国分北1-35-20",1
"佐藤まさし","神奈川県厚木市七沢31",1
"佐藤まさし","神奈川県海老名市杉久保南3-29",1
"佐藤まさし","神奈川県海老名市今里3-19-11",2
"佐藤まさし","神奈川県海老名市今里3-21-3",1
"佐藤まさし","神奈川県伊勢原市板戸599-5",1
"佐藤まさし","神奈川県伊勢原市小稲葉500",1
"佐藤まさし","神奈川県海老名市国分北2-17-37",2
"佐藤まさし","神奈川県厚木市飯山４６２０−１",1
"佐藤まさし","神奈川県海老名市杉久保南3-29-28",1
"佐藤まさし","神奈川県海老名市国分北１丁目４１−２５",1
"佐藤まさし","神奈川県伊勢原市田中86",4
"佐藤まさし","神奈川県伊勢原市沼目5-1-11",2
"佐藤まさし","神奈川県海老名市東柏ヶ谷4-9-5",1
"佐藤まさし","神奈川県伊勢原市笠窪271",2
"佐藤まさし","神奈川県伊勢原市粟窪313-2",2
"佐藤まさし","神奈川県海老名市杉久保北2-9-10",2
"佐藤まさし","",1
"佐藤まさし","神奈川県厚木市三田3054",2
"佐藤まさし","神奈川県伊勢原市下糟屋2397",2
"佐藤まさし","神奈川県海老名市上郷1-4-28",1
"佐藤まさし","神奈川県伊勢原市田中935",1
"佐藤まさし","神奈川県海老名市勝瀬2-33",1
"佐藤まさし","神奈川県伊勢原市西富岡930-3",2
"佐藤まさし","神奈川県海老名市河原口2-4-39",1
"佐藤まさし","神奈川県伊勢原市日向440",1
"佐藤まさし","神奈川県海老名市大谷南2-9-50",1
"佐藤まさし","神奈川県厚木市三田２丁目１−１４",1
"佐藤まさし","神奈川県厚木市三田474-3",1
"佐藤まさし","",1
"佐藤まさし","神奈川県伊勢原市下落合432-26",1
"佐藤まさし","神奈川県海老名市大谷南3-1-28",2
"佐藤まさし","神奈川県伊勢原市三ノ宮1097",1
"佐藤まさし","神奈川県厚木市下荻野599",1
"佐藤まさし","神奈川県厚木市岡田4-29-1",1
"佐藤まさし","神奈川県伊勢原市石田908",1
"佐藤まさし","神奈川県厚木市七沢1219",2
"佐藤まさし","神奈川県伊勢原市神戸642",1
"佐藤まさし","神奈川県伊勢原市上粕屋1259",1
"佐藤まさし","神奈川県厚木市上依知2684",1
"佐藤まさし","神奈川県海老名市東柏ヶ谷1-15-16",1
"佐藤まさし","神奈川県厚木市岡津古久829",1
"佐藤まさし","神奈川県海老名市東柏ヶ谷4-11-12",1
"佐藤まさし","神奈川県厚木市愛甲東1-19-1",1
"佐藤まさし","神奈川県厚木市飯山南４丁目６−２０",3
"佐藤まさし","神奈川県厚木市下古沢20-3",1
"佐藤まさし","神奈川県厚木市旭町5-5-3",1
"佐藤まさし","神奈川県厚木市下依知2-15-3",1
"佐藤まさし","神奈川県厚木市毛利台3-5-5",1
"佐藤まさし","神奈川県伊勢原市伊勢原4-668-1",3
"佐藤まさし","神奈川県伊勢原市東大竹640",1
"佐藤まさし","神奈川県海老名市大谷北2-3-13",1
"佐藤まさし","神奈川県海老名市東柏ヶ谷2-4-14",1
"佐藤まさし","神奈川県伊勢原市大山364",1
"佐藤まさし","神奈川県厚木市山際801-9",1
"佐藤まさし","神奈川県厚木市中町1-1-2",2
"佐藤まさし","神奈川県海老名市柏ケ谷２丁目１２−１０８７−１０",1
"佐藤まさし","神奈川県海老名市東柏ヶ谷4-15-18",1
"佐藤まさし","神奈川県伊勢原市三ノ宮２２３２",2
"佐藤まさし","神奈川県海老名市国分北4-9",1
"佐藤まさし","神奈川県海老名市国分南2-45-35",1
"佐藤まさし","神奈川県海老名市中新田４４９",1
"佐藤まさし","神奈川県海老名市国分南1-3-30",1
"佐藤まさし","神奈川県厚木市下依知2-34-26",1
"佐藤まさし","神奈川県厚木市妻田東3-20-1",1
"佐藤まさし","神奈川県海老名市柏ヶ谷119",1
"佐藤まさし","神奈川県海老名市上今泉6-10-27",1
"佐藤まさし","神奈川県海老名市本郷4708",1
"佐藤まさし","神奈川県伊勢原市白根424",2
"佐藤まさし","神奈川県海老名市杉久保南3-4-38",1
"佐藤まさし","神奈川県伊勢原市上粕屋407",1
"佐藤まさし","神奈川県海老名市国分寺台3-12-7",1
"佐藤まさし","神奈川県海老名市上河内３３７",1
"佐藤まさし","神奈川県伊勢原市伊勢原4-8-12",1
"佐藤まさし","神奈川県海老名市門沢橋6-17-11",2
"佐藤まさし","神奈川県海老名市中央3-2-29",1
"佐藤まさし","神奈川県海老名市大谷北1-5-27",1
"佐藤まさし","神奈川県海老名市門沢橋2-4-41",2
"佐藤まさし","神奈川県海老名市国分南3-1-47",1
"佐藤まさし","神奈川県伊勢原市白根555",1
"佐藤まさし","神奈川県海老名市杉久保北1-1-18",1
"佐藤まさし","神奈川県海老名市東柏ヶ谷3-1-20",1
"佐藤まさし","神奈川県海老名市下今泉4-3-1",2
"佐藤まさし","神奈川県厚木市七沢291",1
"佐藤まさし","神奈川県伊勢原市三ノ宮2182",1
"佐藤まさし","神奈川県伊勢原市西富岡262",1
"佐藤まさし","神奈川県海老名市中新田3-14-22",1
"佐藤まさし","神奈川県海老名市門沢橋2-16-32",1
"佐藤まさし","神奈川県伊勢原市上粕屋25-11",3
"佐藤まさし","神奈川県伊勢原市歌川3-3-2",1
"佐藤まさし","神奈川県厚木市愛名362-3",1
"佐藤まさし","神奈川県海老名市大谷南4-6-45",1
"佐藤まさし","神奈川県伊勢原市三ノ宮1070-1",2
"佐藤まさし","神奈川県伊勢原市板戸365-4",1
"佐藤まさし","神奈川県海老名市上今泉5-31-5",1
"佐藤まさし","神奈川県伊勢原市三ノ宮１７５６−１",1
"佐藤まさし","神奈川県厚木市飯山4754-1",1
"佐藤まさし","神奈川県海老名市東柏ケ谷１丁目２２−２２",1
"佐藤まさし","神奈川県海老名市東柏ヶ谷6-8-15",1
"佐藤まさし","スポーツセンター入口（バス）",2
"佐藤まさし","神奈川県厚木市温水西2-20-2",2
"佐藤まさし","神奈川県厚木市七沢2178",2
"佐藤まさし","神奈川県厚木市山際658",2
"佐藤まさし","神奈川県厚木市上依知23-2",1
"佐藤まさし","神奈川県厚木市温水６６９",1
"佐藤まさし","神奈川県海老名市本郷2307-1",1
"佐藤まさし","神奈川県厚木市山際６５４−７",1
"佐藤まさし","神奈川県厚木市上荻野414-2",1
"佐藤まさし","神奈川県伊勢原市高森4-16-18",1
"佐藤まさし","神奈川県海老名市国分南3-5",1
"佐藤まさし","神奈川県伊勢原市粟窪16-1",2
"佐藤まさし","神奈川県伊勢原市坪ノ内845",1
"佐藤まさし","神奈川県海老名市国分北1-23-13",1
"佐藤まさし","神奈川県厚木市下荻野1427",1
"佐藤まさし","神奈川県海老名市杉久保南4-3",1
"佐藤まさし","神奈川県厚木市宮の里1-3-11",2
"佐藤まさし","神奈川県海老名市大谷南2-24-23",1
"佐藤まさし","神奈川県伊勢原市上平間303",1
"佐藤まさし","神奈川県厚木市森の里4-32-3",2
"佐藤まさし","神奈川県海老名市上郷1-18-18",1
"佐藤まさし","神奈川県海老名市大谷南3-25-10",1
"佐藤まさし","神奈川県厚木市七沢2602向",1
"佐藤まさし","神奈川県厚木市七沢1156-1",1
"佐藤まさし","神奈川県海老名市上郷4-4-32",1
"佐藤まさし","神奈川県厚木市愛甲西3-16-4",1
"佐藤まさし","神奈川県伊勢原市東大竹2-27-2",1
"佐藤まさし","神奈川県海老名市国分南4-20-47",1
"佐藤まさし","神奈川県海老名市社家3933",1
"佐藤まさし","神奈川県海老名市柏ヶ谷412",2
"佐藤まさし","神奈川県海老名市東柏ヶ谷5-16-1",1
"佐藤まさし","神奈川県海老名市今里3-27-5",1
"佐藤まさし","神奈川県海老名市国分北4-2-6",1
"佐藤まさし","神奈川県海老名市上今泉6-28",1
"佐藤まさし","神奈川県厚木市上荻野2279-1",2
"佐藤まさし","神奈川県海老名市河原口2-15-15",2
"佐藤まさし","神奈川県海老名市大谷南3-18-18",1
"佐藤まさし","神奈川県海老名市中新田509-1",1
"佐藤まさし","神奈川県厚木市戸室5-18-26",1
"佐藤まさし","神奈川県伊勢原市下落合410-4",1
"佐藤まさし","神奈川県海老名市河原口2-3-28",2
"佐藤まさし","ハイム宮の越",2
"佐藤まさし","神奈川県海老名市国分北4-13-38",1
"佐藤まさし","神奈川県海老名市東柏ヶ谷2-9-21",1
"佐藤まさし","神奈川県厚木市旭町3-19-11",4
"佐藤まさし","神奈川県海老名市中河内1149",1
"佐藤まさし","神奈川県海老名市柏ヶ谷996",1
"佐藤まさし","神奈川県厚木市三田1475-1",2
"佐藤まさし","神奈川県厚木市温水1874-1",2
"佐藤まさし","神奈川県厚木市飯山351",2
"佐藤まさし","神奈川県海老名市下今泉950-1",1
"佐藤まさし","神奈川県厚木市山際791",1
"佐藤まさし","神奈川県厚木市飯山4239",1
"佐藤まさし","神奈川県厚木市飯山南1-23-3315",1
"佐藤まさし","神奈川県厚木市飯山4546",4
"佐藤まさし","神奈川県海老名市今里2-21-33",1
"佐藤まさし","神奈川県厚木市緑ヶ丘5-7-1",2
"佐藤まさし","神奈川県海老名市本郷4230",1
"佐藤まさし","神奈川県厚木市飯山5102",2
"佐藤まさし","神奈川県海老名市本郷4192",1
"佐藤まさし","神奈川県海老名市上郷901",1
"佐藤まさし","神奈川県海老名市国分寺台3-12-12",1
"佐藤まさし","神奈川県厚木市長谷1545",2
"佐藤まさし","神奈川県海老名市東柏ケ谷２丁目９−２０",1
"佐藤まさし","神奈川県海老名市大谷南4-4-25",1
"佐藤まさし","神奈川県厚木市三田3179-2",2
"佐藤まさし","神奈川県海老名市河原口5-1",2
"佐藤まさし","神奈川県伊勢原市岡崎4339-1",1
"佐藤まさし","神奈川県海老名市柏ヶ谷90",1
"佐藤まさし","神奈川県海老名市杉久保北5-13",3
"佐藤まさし","神奈川県海老名市大谷北4-13-22",1
"佐藤まさし","神奈川県伊勢原市石田387-5",1
"佐藤まさし","神奈川県厚木市みはる野2-36-9",1
"佐藤まさし","神奈川県厚木市上荻野1740",1
"佐藤まさし","神奈川県厚木市下依知3-9-5",1
"佐藤まさし","神奈川県海老名市門沢橋2-19-10",1
"佐藤まさし","神奈川県伊勢原市高森1321-7",1
"佐藤まさし","神奈川県伊勢原市白根555",1
"佐藤まさし","神奈川県海老名市河原口1-19-12",1
"佐藤まさし","神奈川県海老名市国分北4-7-1",1
"佐藤まさし","神奈川県厚木市愛甲東2-16",1
"佐藤まさし","神奈川県厚木市上荻野3460",1
"佐藤まさし","神奈川県海老名市国分南2-36-7",1
"佐藤まさし","神奈川県厚木市下荻野530",1
"佐藤まさし","神奈川県厚木市長谷1463",1
"佐藤まさし","神奈川県海老名市門沢橋1-17-29",1
"佐藤まさし","スカイタウンA棟",1
"佐藤まさし","神奈川県伊勢原市上粕屋336-1",1
"佐藤まさし","神奈川県伊勢原市桜台1-18-530-1",1
"佐藤まさし","神奈川県伊勢原市高森2-29-10",1
"佐藤まさし","神奈川県海老名市杉久保北2-9-3",1
"佐藤まさし","神奈川県海老名市本郷4192",1
"佐藤まさし","神奈川県厚木市山際745-6",1
"佐藤まさし","神奈川県海老名市本郷５０６１−２",1
"佐藤まさし","神奈川県厚木市下荻野４１１",1
"佐藤まさし","神奈川県海老名市河原口2-22-25",1
"佐藤まさし","神奈川県厚木市小野2252-1",1
"佐藤まさし","神奈川県厚木市下荻野４８２−２",1
"佐藤まさし","神奈川県海老名市中新田777-5",2
"佐藤まさし","神奈川県海老名市柏ヶ谷197",1
"佐藤まさし","神奈川県厚木市みはる野1-23-4",1
"佐藤まさし","神奈川県海老名市浜田町17-4",1
"佐藤まさし","神奈川県海老名市中央1-19-21",1
"佐藤まさし","神奈川県海老名市上郷1-16-8",1
"佐藤まさし","神奈川県海老名市本郷1570-1",2
"佐藤まさし","神奈川県海老名市東柏ヶ谷2-30-5",1
"佐藤まさし","スポーツセンター入口（バス）",1
"佐藤まさし","神奈川県厚木市七沢七沢城跡（バス）",2
"佐藤まさし","神奈川県伊勢原市板戸457-1",1
"佐藤まさし","神奈川県厚木市七沢1444-2",1
"佐藤まさし","神奈川県海老名市大谷南4-7-13",1
"佐藤まさし","神奈川県厚木市船子178",2
"佐藤まさし","神奈川県伊勢原市神戸599",1
"佐藤まさし","神奈川県厚木市飯山451",1
"佐藤まさし","神奈川県厚木市小野97-1",2
"佐藤まさし","神奈川県海老名市河原口4-2-7",1
"佐藤まさし","神奈川県伊勢原市三ノ宮397-3",1
"佐藤まさし","神奈川県伊勢原市西富岡774-1",3
"佐藤まさし","神奈川県海老名市本郷1227-5",1
"佐藤まさし","神奈川県海老名市扇町14-4",1
"佐藤まさし","神奈川県海老名市東柏ヶ谷2-24-14",2
"佐藤まさし","神奈川県海老名市門沢橋2-13-14",1
"佐藤まさし","神奈川県厚木市戸田2291",1
"佐藤まさし","神奈川県海老名市東柏ヶ谷5-11-45",1
"佐藤まさし","神奈川県海老名市東柏ヶ谷4-10-5",1
"佐藤まさし","神奈川県海老名市国分北2-17-16",1
"佐藤まさし","神奈川県海老名市河原口1310",1
"佐藤まさし","神奈川県海老名市国分南1-9-31",1
"佐藤まさし","神奈川県海老名市国分南3-27-11",2
"佐藤まさし","神奈川県厚木市金田419-2",2
"佐藤まさし","大塚本町（バス）",1
"佐藤まさし","神奈川県海老名市国分北3-18-22",1
"佐藤まさし","神奈川県海老名市大谷北2-10-58",1
"佐藤まさし","神奈川県海老名市河原口1-1-22",1
"佐藤まさし","神奈川県伊勢原市田中1184",1
"佐藤まさし","神奈川県海老名市上河内305",2
"佐藤まさし","神奈川県海老名市門沢橋2-3-57",2
"佐藤まさし","神奈川県海老名市中央2-7",1
"佐藤まさし","神奈川県海老名市河原口3-10-1",1
"佐藤まさし","神奈川県伊勢原市笠窪315-1",1
"佐藤まさし","神奈川県海老名市中新田1-16-3",2
"佐藤まさし","神奈川県厚木市毛利台1-17-12",1
"佐藤まさし","神奈川県厚木市妻田西1-2",2
"佐藤まさし","神奈川県厚木市七沢808向",2
"佐藤まさし","神奈川県海老名市国分北4-13-35",1
"佐藤まさし","神奈川県海老名市望地2-3-5",1
"佐藤まさし","神奈川県海老名市杉久保南5-16-12",1
"佐藤まさし","神奈川県伊勢原市粟窪580",1
"佐藤まさし","神奈川県海老名市本郷2287-1",1
"佐藤まさし","神奈川県厚木市酒井2455",1
"佐藤まさし","神奈川県海老名市大谷北3-16-17",1
"佐藤まさし","神奈川県厚木市長谷1270-1",1
"佐藤まさし","神奈川県海老名市大谷北3-2-1",2
"佐藤まさし","神奈川県伊勢原市東成瀬25-3",2
"佐藤まさし","神奈川県伊勢原市坪ノ内35",1
"佐藤まさし","神奈川県伊勢原市沼目7-1577-3",1
"佐藤まさし","神奈川県厚木市恩名3-3-100",1
"佐藤まさし","神奈川県厚木市下荻野1451-18",1
"佐藤まさし","神奈川県海老名市下今泉3-6-47",1
"佐藤まさし","神奈川県伊勢原市西富岡502-4",3
"佐藤まさし","神奈川県厚木市中荻野49",1
"佐藤まさし","神奈川県伊勢原市笠窪406",2
"佐藤まさし","神奈川県厚木市七沢２８３−１",2
"佐藤まさし","神奈川県厚木市飯山南5-74",1
"佐藤まさし","神奈川県伊勢原市下糟屋2208-33",1
"佐藤まさし","神奈川県厚木市飯山４９５８",2
"佐藤まさし","神奈川県海老名市本郷5061",1
"佐藤まさし","神奈川県海老名市今里３丁目１８−３０",1
"佐藤まさし","神奈川県海老名市国分南1-27-3",1
"佐藤まさし","神奈川県厚木市下依知3-10",1
"佐藤まさし","神奈川県厚木市長谷1267-3",1
"佐藤まさし","神奈川県伊勢原市小稲葉643",1
"佐藤まさし","神奈川県伊勢原市粟窪31",2
"佐藤まさし","神奈川県海老名市国分南1-15",1
"佐藤まさし","神奈川県海老名市国分寺台4-5-10",1
"佐藤まさし","神奈川県海老名市国分北4-6-4",1
"佐藤まさし","神奈川県伊勢原市大山499",2
"佐藤まさし","神奈川県厚木市愛名72-12",1
"佐藤まさし","神奈川県伊勢原市白根357-2",2
"佐藤まさし","神奈川県海老名市東柏ヶ谷1-19-19",1
"佐藤まさし","神奈川県海老名市大谷北4-6-32",1
"佐藤まさし","神奈川県海老名市杉久保南1-22",1
"佐藤まさし","神奈川県伊勢原市伊勢原4-14-37",2
"佐藤まさし","神奈川県伊勢原市岡崎6904",1
"佐藤まさし","神奈川県伊勢原市上谷92",1
"佐藤まさし","神奈川県海老名市上郷3-10-60",1
"佐藤まさし","神奈川県伊勢原市上粕屋388",1
"佐藤まさし","神奈川県海老名市国分北1-27-29",1
"佐藤まさし","神奈川県厚木市長谷1475-2",2
"佐藤まさし","神奈川県厚木市三田3181",1
"佐藤まさし","神奈川県厚木市下荻野1574-19",1
"佐藤まさし","神奈川県海老名市東柏ヶ谷4-11-26",1
"佐藤まさし","神奈川県海老名市上今泉１丁目６−６",1
"佐藤まさし","神奈川県厚木市飯山1037-4",2
"佐藤まさし","神奈川県厚木市下荻野１３４０",1
"佐藤まさし","神奈川県厚木市旭町3-19-11",4
"佐藤まさし","神奈川県伊勢原市上粕屋５７６−４",2
"佐藤まさし","神奈川県伊勢原市伊勢原1-16-1",2
"佐藤まさし","神奈川県海老名市大谷南2-16-5",2
"佐藤まさし","神奈川県厚木市三田3060",1
"佐藤まさし","神奈川県伊勢原市東大竹1451",1
"佐藤まさし","神奈川県海老名市河原口3-12-3",1
"佐藤まさし","神奈川県伊勢原市上粕屋865",1
"佐藤まさし","神奈川県厚木市上古沢１３４３",1
"佐藤まさし","神奈川県厚木市戸田1822",1
"佐藤まさし","神奈川県伊勢原市白根302",2
"佐藤まさし","神奈川県厚木市上古沢62",2
"佐藤まさし","神奈川県海老名市望地1-4-26",1
"佐藤まさし","神奈川県海老名市今里1-10-30",1
"佐藤まさし","神奈川県厚木市上荻野1255",5
"佐藤まさし","神奈川県厚木市下荻野394",1
"佐藤まさし","神奈川県厚木市温水西2-1-29",1
"佐藤まさし","神奈川県伊勢原市東富岡163",1
"佐藤まさし","神奈川県海老名市上今泉4-12-6",1
"佐藤まさし","神奈川県海老名市社家５丁目２−７４７",1
"佐藤まさし","神奈川県厚木市飯山4835-4",2
"佐藤まさし","神奈川県伊勢原市大住台３丁目８−８",1
"佐藤まさし","神奈川県伊勢原市東富岡59",1
"佐藤まさし","神奈川県伊勢原市池端４２１−１",1
"佐藤まさし","神奈川県伊勢原市桜台1-22-1",3
"佐藤まさし","神奈川県海老名市上郷788",1
"佐藤まさし","神奈川県厚木市上落合487",1
"佐藤まさし","神奈川県海老名市柏ヶ谷384-1",1
"佐藤まさし","神奈川県伊勢原市善波349",1
"佐藤まさし","神奈川県伊勢原市沼目2-20-32",2
"佐藤まさし","神奈川県海老名市国分北3-15-2",1
"佐藤まさし","神奈川県海老名市門沢橋2-18-44",1
"佐藤まさし","神奈川県伊勢原市桜台1-37-28",1
"佐藤まさし","神奈川県厚木市長谷1545",2
"佐藤まさし","神奈川県厚木市温水1666-1",2
"佐藤まさし","神奈川県海老名市大谷南2-13-20",2
"佐藤まさし","神奈川県厚木市南町14-16",1
"佐藤まさし","神奈川県伊勢原市池端223-1",1
"佐藤まさし","神奈川県伊勢原市伊勢原4-15-55",1
"佐藤まさし","神奈川県海老名市柏ヶ谷582",1
"佐藤まさし","神奈川県伊勢原市高森1-4-7",2
"佐藤まさし","神奈川県海老名市上今泉2-11-30",1
"佐藤まさし","神奈川県海老名市扇町6",1
"佐藤まさし","神奈川県海老名市国分北1-6-13",1
"佐藤まさし","神奈川県伊勢原市歌川3-2-1",1
"佐藤まさし","神奈川県海老名市上郷3-1-4",1
"佐藤まさし","神奈川県伊勢原市板戸885-1",1
"佐藤まさし","神奈川県海老名市国分寺台1-12-5",1
"佐藤まさし","神奈川県海老名市中新田3-29-20",1
"佐藤まさし","神奈川県海老名市上今泉6-10-30",1
"佐藤まさし","神奈川県海老名市上郷1-20-30",1
"佐藤まさし","神奈川県海老名市上今泉2-2-24",1
"佐藤まさし","神奈川県厚木市林4-21-57",1
"佐藤まさし","神奈川県海老名市上今泉3-15-39",2
"佐藤まさし","神奈川県伊勢原市桜台1-12-14",2
"佐藤まさし","神奈川県厚木市岡田5-3-23",2
"佐藤まさし","神奈川県伊勢原市板戸885-2",1
"佐藤まさし","神奈川県海老名市杉久保南1-13-920",2
"佐藤まさし","神奈川県海老名市国分北3-26-11",1
"佐藤まさし","神奈川県厚木市飯山4767-2",2
"佐藤まさし","神奈川県海老名市東柏ヶ谷1-1-3",1
"佐藤まさし","神奈川県海老名市河原口1-9-7",1
"佐藤まさし","神奈川県厚木市小野2214-2",1
"佐藤まさし","神奈川県海老名市今里3-15-10",1
"佐藤まさし","神奈川県海老名市下今泉1-2-9",1
"佐藤まさし","神奈川県厚木市上依知1395-21",2
"佐藤まさし","神奈川県伊勢原市石田1483",2
"佐藤まさし","神奈川県厚木市及川１０８７",1
"佐藤まさし","神奈川県伊勢原市伊勢原1-21",3
"佐藤まさし","神奈川県伊勢原市東大竹７２２−１４",1
"佐藤まさし","神奈川県伊勢原市白根555",2
"佐藤まさし","神奈川県海老名市中河内１２１６−２",1
"佐藤まさし","神奈川県厚木市七沢1359-1向",2
"佐藤まさし","神奈川県海老名市国分寺台5-3-17",1
"佐藤まさし","神奈川県海老名市門沢橋6-13-25",2
"佐藤まさし","神奈川県伊勢原市伊勢原3-4-14",1
"佐藤まさし","神奈川県海老名市東柏ヶ谷3-17-6",1
"佐藤まさし","神奈川県伊勢原市岡崎7036-2",1
"佐藤まさし","神奈川県海老名市中央2-12-6",1
"佐藤まさし","神奈川県厚木市三田3-14-596-6",1
"佐藤まさし","神奈川県伊勢原市坪ノ内790-2",1
"佐藤まさし","神奈川県伊勢原市神戸486",1
"佐藤まさし","神奈川県海老名市門沢橋1-9-12",1
"佐藤まさし","神奈川県厚木市温水西2-1-1",1
"佐藤まさし","神奈川県海老名市門沢橋4-15-1",1
"佐藤まさし","神奈川県海老名市東柏ヶ谷4-12-50",1
"佐藤まさし","神奈川県海老名市上河内298",2
"佐藤まさし","神奈川県厚木市下川入1412",1
"佐藤まさし","神奈川県海老名市上今泉1-8-35",1
"佐藤まさし","神奈川県海老名市今里3-7-26",1
"佐藤まさし","神奈川県海老名市大谷南5-11-12",1
"佐藤まさし","神奈川県厚木市下川入８０３−２",1
"佐藤まさし","神奈川県厚木市温水624",1
"佐藤まさし","神奈川県厚木市及川968-1",1
"佐藤まさし","神奈川県海老名市国分南2-7-22",1
"佐藤まさし","神奈川県海老名市中新田3-17-19",1
"佐藤まさし","神奈川県厚木市まつかげ台5-17",1
"佐藤まさし","神奈川県厚木市妻田北2-18-8",1
"佐藤まさし","神奈川県海老名市中新田１丁目１６−３",1
"佐藤まさし","神奈川県伊勢原市田中５６１",1
"佐藤まさし","神奈川県厚木市七沢2383",4
"佐藤まさし","神奈川県厚木市中依知593",3
"佐藤まさし","神奈川県厚木市酒井928",2
"佐藤まさし","神奈川県海老名市柏ヶ谷382",1
"佐藤まさし","神奈川県海老名市国分北2-8-34",1
"佐藤まさし","神奈川県厚木市七沢2237",1
"佐藤まさし","神奈川県海老名市中河内320",1
"佐藤まさし","神奈川県伊勢原市上平間93",1
"佐藤まさし","神奈川県伊勢原市坪ノ内79-3",1
"佐藤まさし","神奈川県海老名市大谷南5-16-6",1
"佐藤まさし","神奈川県海老名市柏ヶ谷635-1",2
"佐藤まさし","神奈川県伊勢原市白根316-1",1
"佐藤まさし","神奈川県海老名市中野3-13",2
"佐藤まさし","神奈川県海老名市大谷北2-12-37",1
"佐藤まさし","神奈川県厚木市下荻野1491",1
"佐藤まさし","神奈川県厚木市飯山595",1
"佐藤まさし","神奈川県海老名市東柏ヶ谷6-7",1
"佐藤まさし","神奈川県厚木市下荻野482-2",1
"佐藤まさし","神奈川県海老名市河原口3-19-34",1
"佐藤まさし","神奈川県厚木市戸田1862",1
"佐藤まさし","神奈川県伊勢原市石田708-1",1
"佐藤まさし","神奈川県海老名市柏ケ谷２丁目１１−１０６３",1
"佐藤まさし","神奈川県厚木市飯山南2-10-3021",2
"佐藤まさし","神奈川県伊勢原市小稲葉981-2",1
"佐藤まさし","神奈川県伊勢原市板戸835-5",1
"佐藤まさし","神奈川県伊勢原市神戸400",1
"佐藤まさし","神奈川県海老名市河原口1369-3",1
"佐藤まさし","神奈川県厚木市みはる野２丁目３2-9",1
"佐藤まさし","神奈川県海老名市東柏ヶ谷3-19-19",1
"佐藤まさし","神奈川県厚木市旭町2-12-12",1
"佐藤まさし","神奈川県厚木市三田2455",2
"佐藤まさし","神奈川県伊勢原市大山647横",2
"佐藤まさし","神奈川県海老名市国分寺台1-4-10",1
"佐藤まさし","神奈川県海老名市国分南2-38-31",1
"佐藤まさし","神奈川県厚木市森の里４丁目３２−３",2
"佐藤まさし","神奈川県伊勢原市伊勢原1-20-16",1
"佐藤まさし","神奈川県厚木市船子114向",3
"佐藤まさし","神奈川県海老名市本郷4574",1
"佐藤まさし","神奈川県海老名市大谷北2-4-29",1
"佐藤まさし","神奈川県海老名市国分北3-15-20",1
"佐藤まさし","神奈川県海老名市大谷586",2
"佐藤まさし","神奈川県海老名市杉久保北2-14-26",1
"佐藤まさし","神奈川県海老名市東柏ケ谷２丁目６−２０",1
"佐藤まさし","神奈川県海老名市大谷北4-19-3",1
"佐藤まさし","神奈川県海老名市上郷1-13-32",1
"佐藤まさし","神奈川県海老名市国分北4-8-31",2
"佐藤まさし","神奈川県海老名市国分南2-28-10",1
"佐藤まさし","神奈川県海老名市中新田3-26-1",1
"佐藤まさし","神奈川県厚木市温水１７５９",2
"佐藤まさし","神奈川県厚木市七沢1205",1
"佐藤まさし","神奈川県伊勢原市上粕屋1301",1
"佐藤まさし","神奈川県伊勢原市坪ノ内40-1",2
"佐藤まさし","神奈川県伊勢原市西富岡514-1",1
"佐藤まさし","神奈川県伊勢原市板戸202",1
"佐藤まさし","マリーゴールド",1
"佐藤まさし","神奈川県厚木市水引2-9-15",1
"佐藤まさし","神奈川県伊勢原市伊勢原3-8-14",1
"佐藤まさし","神奈川県厚木市中荻野89",1
"佐藤まさし","神奈川県厚木市小野1090",2
"佐藤まさし","神奈川県伊勢原市田中1210",1
"佐藤まさし","神奈川県海老名市上今泉1837-3",1
"佐藤まさし","神奈川県伊勢原市東富岡794-1",1
"佐藤まさし","神奈川県厚木市飯山564",1
"佐藤まさし","神奈川県海老名市杉久保北3-11",1
"佐藤まさし","神奈川県厚木市旭町3-22-18",1
"佐藤まさし","神奈川県伊勢原市東大竹1-3-18",1
"佐藤まさし","神奈川県伊勢原市見附島70",2
"佐藤まさし","神奈川県厚木市飯山317",2
"佐藤まさし","神奈川県海老名市門沢橋1-7",1
